{
    "tableName" : "tbl_DesignData",
    "tableFieldPrefix":"DD_",
    "tableClassFilename":"",
    "tableClass":"TblDesignData",
    "links":[],
    "tableRowClass":"TblDesignDataRow",
    "columns": [
        {"name":"DD_ID","type":"Int64","keyPosition":0},
        {"name":"DD_ASSET","type":"Int64","groupPosition":0},
    ],
    "captions":{
		"DD_ID":"ID",
		"DD_ASSET":"Asset",
		"DD_PARAM":"Name",
		"DD_PARAM_VALUE":"Value",
		"DD_PARAM_UNIT":"Unit",
		"DD_PARAM_NOTES":"Notes",
		"DD_PARAM_REF":"References"
    },
    "tableCode":"desdat",
    "description":"Design Data Collection"
}
