{
    "tableName" : "tbl_ReferenceFiles",
    "tableFieldPrefix":"RF_",
    "tableClassFilename":"",
    "tableClass":"TblRefFiles",
	"tableLinks":[],
    "links":[],
	"tableDisplayA":"RF_DESC",
	"tableDisplayB":"",
    "tableRowClass":"TblRefFilesRow",
    "columns": [
        {"name":"RF_ID","type":"Int64","keyPosition":0},
        {"name":"RF_TYPE","type":"Int64","groupPosition":0},
    ],
    "captions":{
		"RF_ID":"ID",
		"RF_TYPE":"Type",
		"RF_DESC":"Title",
		"RF_FILENAME":"Filename",
		"RF_ASSET":"Asset"
    },
    "tableCode":"rf",
    "description":"Reference Library Table"
}