{
    "tableName" : "TBL_ANOM_MAIN",
    "tableFieldPrefix":"AN_",
    "tableClassFilename":"",
    "tableClass":"TblAnomalies",
    "tableRowClass":"TblAnomaliesRow",
    "links":[],
	"tableDisplayA":"AN_REF",
	"tableDisplayB":"AN_TITLE",
	"relations":[
		{"foreign_code":"rf", "type":"lnk"},
		{"foreign_code":"ft", "type":"lnk"},
		{"local_field":"AN_STATUS", "foreign_code":"lkp","foreign_field":"LKP_ID","foreign_group":"143", "type":"lkp"},
		{"local_field":"AN_ASSET_ID", "foreign_code":"node","foreign_field":"REC_TAG", "type":"lkp"}
	],
    "columns": [
        {"name":"AN_ID","type":"Int64","keyPosition":0},
    ],
    "captions":{
		"AN_ID":"ID",
		"AN_DESC":"Title",
		"AN_ASSET_ID":"Asset",
		"AN_ORIG_CLASS":"Orig.Class",
		"AN_CURR_CLASS":"Curr.Class"
    },
    "tableCode":"an",
    "description":"Anomalies Table"
}