{
    "tableName" : "SEPCo_tbl_Anomalies",
    "tableFieldPrefix":"AN_",
    "tableClassFilename":"",
    "tableClass":"TblSepAnomalies",
    "tableRowClass":"TblSepAnomaliesRow",
    "links":[],
	"tableDisplayA":"AN_REF",
	"tableDisplayB":"AN_TITLE",
	"relations":[],
    "columns": [
        {"name":"AN_ID","type":"Int64","keyPosition":0},
    ],
    "captions":{
		"AN_ID":"ID",
		"AN_DESC":"Title",
		"AN_ASSET_ID":"Asset",
		"AN_ORIG_CLASS":"Orig.Class",
		"AN_CURR_CLASS":"Curr.Class"
    },
    "tableCode":"sepan",
    "description":"Anomalies Table"
}